{"initial_reset_timestamp": 1665310482.3604438, "timestamps": [1665310524.0118499, 1665310568.0864847], "episode_lengths": [100, 100], "episode_rewards": [-12650.0, 2600.0], "episode_types": ["t", "t"]}